{
  "type": "ecmascript",
  "id": "song365.org",
  "file": "song365.js",
  "category": "music",
  "showtimeVersion": "4.3.167",
  "version": "0.1a",
  "author": "BuXXe (@buxxe)",
  "title": "song365.org",
  "icon": "song365.png",
  "synopsis": "Movian plugin to listen to song365.org music",
  "description":"<p>song365.org Movian plugin allows the integration of song365.org music streams into Movian. If you encounter problems, leave a note at the github. Visit at: https://github.com/BuXXe/movian-song365-plugin</p>",
  "homepage":"https://github.com/BuXXe/movian-song365-plugin"
}
